Year,Team,Historical_Team,Previous_WC_Editions,Previous_WC_Matches,Final_Stage,Progression_Score,Matches_Played,Wins,Win_Percentage
1982,Algeria,Algeria,0,0,First group stage,0.0,3,2,66.66666666666666
1986,Algeria,Algeria,1,3,Group stage,0.0,3,0,0.0
2010,Algeria,Algeria,2,6,Group stage,0.0,3,0,0.0
2014,Algeria,Algeria,3,9,Round of 16,1.33,4,1,25.0
2006,Angola,Angola,0,0,Group stage,0.0,3,0,0.0
1930,Argentina,Argentina,0,0,Runner-up,5.0,5,4,80.0
1934,Argentina,Argentina,1,5,Round of 16,0.0,1,0,0.0
1958,Argentina,Argentina,2,6,Group stage,0.0,3,1,33.33333333333333
1962,Argentina,Argentina,3,9,Group stage,0.0,3,1,33.33333333333333
1966,Argentina,Argentina,4,12,Quarter-finals,2.0,4,2,50.0
1974,Argentina,Argentina,5,16,Second round,4.0,6,1,16.666666666666664
1978,Argentina,Argentina,6,22,Champion,6.0,7,5,71.42857142857143
1982,Argentina,Argentina,7,29,Second group stage,2.0,5,2,40.0
1986,Argentina,Argentina,8,34,Champion,6.0,7,6,85.71428571428571
1990,Argentina,Argentina,9,41,Runner-up,5.0,7,2,28.57142857142857
1994,Argentina,Argentina,10,48,Round of 16,1.33,4,2,50.0
1998,Argentina,Argentina,11,52,Quarter-finals,2.67,5,3,60.0
2002,Argentina,Argentina,12,57,Group stage,0.0,3,1,33.33333333333333
2006,Argentina,Argentina,13,60,Quarter-finals,2.67,5,3,60.0
2010,Argentina,Argentina,14,65,Quarter-finals,2.67,5,4,80.0
2014,Argentina,Argentina,15,70,Runner-up,5.0,7,5,71.42857142857143
2018,Argentina,Argentina,16,77,Round of 16,1.33,4,1,25.0
2022,Argentina,Argentina,17,81,Champion,6.0,7,4,57.14285714285714
1974,Australia,Australia,0,0,First round,0.0,3,0,0.0
2006,Australia,Australia,1,3,Round of 16,1.33,4,1,25.0
2010,Australia,Australia,2,7,Group stage,0.0,3,1,33.33333333333333
2014,Australia,Australia,3,10,Group stage,0.0,3,0,0.0
2018,Australia,Australia,4,13,Group stage,0.0,3,0,0.0
2022,Australia,Australia,5,16,Round of 16,1.33,4,2,50.0
1934,Austria,Austria,0,0,Semi-finals,4.0,4,2,50.0
1954,Austria,Austria,1,4,Semi-finals,4.0,5,4,80.0
1958,Austria,Austria,2,9,Group stage,0.0,3,0,0.0
1978,Austria,Austria,3,12,Second round,4.0,6,3,50.0
1982,Austria,Austria,4,18,Second group stage,2.0,5,2,40.0
1990,Austria,Austria,5,23,Group stage,0.0,3,1,33.33333333333333
1998,Austria,Austria,6,26,Group stage,0.0,3,0,0.0
1930,Belgium,Belgium,0,0,Group stage,0.0,2,0,0.0
1934,Belgium,Belgium,1,2,Round of 16,0.0,1,0,0.0
1938,Belgium,Belgium,2,3,Round of 16,0.0,1,0,0.0
1954,Belgium,Belgium,3,4,Group stage,0.0,2,0,0.0
1970,Belgium,Belgium,4,6,Group stage,0.0,3,1,33.33333333333333
1982,Belgium,Belgium,5,9,Second group stage,2.0,5,2,40.0
1986,Belgium,Belgium,6,14,Semi-finals,4.0,7,2,28.57142857142857
1990,Belgium,Belgium,7,21,Round of 16,1.33,4,2,50.0
1994,Belgium,Belgium,8,25,Round of 16,1.33,4,2,50.0
1998,Belgium,Belgium,9,29,Group stage,0.0,3,0,0.0
2002,Belgium,Belgium,10,32,Round of 16,1.33,4,1,25.0
2014,Belgium,Belgium,11,36,Quarter-finals,2.67,5,4,80.0
2018,Belgium,Belgium,12,41,Semi-finals,4.0,7,6,85.71428571428571
2022,Belgium,Belgium,13,48,Group stage,0.0,3,1,33.33333333333333
1930,Bolivia,Bolivia,0,0,Group stage,0.0,2,0,0.0
1950,Bolivia,Bolivia,1,2,Group stage,0.0,1,0,0.0
1994,Bolivia,Bolivia,2,3,Group stage,0.0,3,0,0.0
2014,Bosnia and Herzegovina,Bosnia and Herzegovina,0,0,Group stage,0.0,3,1,33.33333333333333
1930,Brazil,Brazil,0,0,Group stage,0.0,2,1,50.0
1934,Brazil,Brazil,1,2,Round of 16,0.0,1,0,0.0
1938,Brazil,Brazil,2,3,Semi-finals,4.0,5,3,60.0
1950,Brazil,Brazil,3,8,Final stage,4.0,6,4,66.66666666666666
1954,Brazil,Brazil,4,14,Quarter-finals,2.67,3,1,33.33333333333333
1958,Brazil,Brazil,5,17,Champion,6.0,6,5,83.33333333333334
1962,Brazil,Brazil,6,23,Champion,6.0,6,5,83.33333333333334
1966,Brazil,Brazil,7,29,Group stage,0.0,3,1,33.33333333333333
1970,Brazil,Brazil,8,32,Champion,6.0,6,6,100.0
1974,Brazil,Brazil,9,38,Second round,4.0,7,3,42.857142857142854
1978,Brazil,Brazil,10,45,Second round,4.0,7,4,57.14285714285714
1982,Brazil,Brazil,11,52,Second group stage,2.0,5,4,80.0
1986,Brazil,Brazil,12,57,Quarter-finals,2.67,5,4,80.0
1990,Brazil,Brazil,13,62,Round of 16,1.33,4,3,75.0
1994,Brazil,Brazil,14,66,Champion,6.0,7,5,71.42857142857143
1998,Brazil,Brazil,15,73,Runner-up,5.0,7,4,57.14285714285714
2002,Brazil,Brazil,16,80,Champion,6.0,7,7,100.0
2006,Brazil,Brazil,17,87,Quarter-finals,2.67,5,4,80.0
2010,Brazil,Brazil,18,92,Quarter-finals,2.67,5,3,60.0
2014,Brazil,Brazil,19,97,Semi-finals,4.0,7,3,42.857142857142854
2018,Brazil,Brazil,20,104,Quarter-finals,2.67,5,3,60.0
2022,Brazil,Brazil,21,109,Quarter-finals,2.67,5,3,60.0
1962,Bulgaria,Bulgaria,0,0,Group stage,0.0,3,0,0.0
1966,Bulgaria,Bulgaria,1,3,Group stage,0.0,3,0,0.0
1970,Bulgaria,Bulgaria,2,6,Group stage,0.0,3,0,0.0
1974,Bulgaria,Bulgaria,3,9,First round,0.0,3,0,0.0
1986,Bulgaria,Bulgaria,4,12,Round of 16,1.33,4,0,0.0
1994,Bulgaria,Bulgaria,5,16,Semi-finals,4.0,7,3,42.857142857142854
1998,Bulgaria,Bulgaria,6,23,Group stage,0.0,3,0,0.0
1982,Cameroon,Cameroon,0,0,First group stage,0.0,3,0,0.0
1990,Cameroon,Cameroon,1,3,Quarter-finals,2.67,5,3,60.0
1994,Cameroon,Cameroon,2,8,Group stage,0.0,3,0,0.0
1998,Cameroon,Cameroon,3,11,Group stage,0.0,3,0,0.0
2002,Cameroon,Cameroon,4,14,Group stage,0.0,3,1,33.33333333333333
2010,Cameroon,Cameroon,5,17,Group stage,0.0,3,0,0.0
2014,Cameroon,Cameroon,6,20,Group stage,0.0,3,0,0.0
2022,Cameroon,Cameroon,7,23,Group stage,0.0,3,1,33.33333333333333
1986,Canada,Canada,0,0,Group stage,0.0,3,0,0.0
2022,Canada,Canada,1,3,Group stage,0.0,3,0,0.0
1930,Chile,Chile,0,0,Group stage,0.0,3,2,66.66666666666666
1950,Chile,Chile,1,3,Group stage,0.0,3,1,33.33333333333333
1962,Chile,Chile,2,6,Semi-finals,4.0,6,4,66.66666666666666
1966,Chile,Chile,3,12,Group stage,0.0,3,0,0.0
1974,Chile,Chile,4,15,First round,0.0,3,0,0.0
1982,Chile,Chile,5,18,First group stage,0.0,3,0,0.0
1998,Chile,Chile,6,21,Round of 16,1.33,4,0,0.0
2010,Chile,Chile,7,25,Round of 16,1.33,4,2,50.0
2014,Chile,Chile,8,29,Round of 16,1.33,4,2,50.0
2002,China PR,China,0,0,Group stage,0.0,3,0,0.0
1962,Colombia,Colombia,0,0,Group stage,0.0,3,0,0.0
1990,Colombia,Colombia,1,3,Round of 16,1.33,4,1,25.0
1994,Colombia,Colombia,2,7,Group stage,0.0,3,1,33.33333333333333
1998,Colombia,Colombia,3,10,Group stage,0.0,3,1,33.33333333333333
2014,Colombia,Colombia,4,13,Quarter-finals,2.67,5,4,80.0
2018,Colombia,Colombia,5,18,Round of 16,1.33,4,2,50.0
1990,Costa Rica,Costa Rica,0,0,Round of 16,1.33,4,2,50.0
2002,Costa Rica,Costa Rica,1,4,Group stage,0.0,3,1,33.33333333333333
2006,Costa Rica,Costa Rica,2,7,Group stage,0.0,3,0,0.0
2014,Costa Rica,Costa Rica,3,10,Quarter-finals,2.67,5,2,40.0
2018,Costa Rica,Costa Rica,4,15,Group stage,0.0,3,0,0.0
2022,Costa Rica,Costa Rica,5,18,Group stage,0.0,3,1,33.33333333333333
1998,Croatia,Croatia,0,0,Semi-finals,4.0,7,5,71.42857142857143
2002,Croatia,Croatia,1,7,Group stage,0.0,3,1,33.33333333333333
2006,Croatia,Croatia,2,10,Group stage,0.0,3,0,0.0
2014,Croatia,Croatia,3,13,Group stage,0.0,3,1,33.33333333333333
2018,Croatia,Croatia,4,16,Runner-up,5.0,7,4,57.14285714285714
2022,Croatia,Croatia,5,23,Semi-finals,4.0,7,2,28.57142857142857
1938,Cuba,Cuba,0,0,Quarter-finals,2.0,3,1,33.33333333333333
1934,Czechoslovakia,Czech Republic,0,0,Runner-up,5.0,4,3,75.0
1938,Czechoslovakia,Czech Republic,1,4,Quarter-finals,2.0,3,1,33.33333333333333
1954,Czechoslovakia,Czech Republic,2,7,Group stage,0.0,2,0,0.0
1958,Czechoslovakia,Czech Republic,3,9,Group stage play-off,1.33,4,1,25.0
1962,Czechoslovakia,Czech Republic,4,13,Runner-up,5.0,6,3,50.0
1970,Czechoslovakia,Czech Republic,5,19,Group stage,0.0,3,0,0.0
1982,Czechoslovakia,Czech Republic,6,22,First group stage,0.0,3,0,0.0
1990,Czechoslovakia,Czech Republic,7,25,Quarter-finals,2.67,5,3,60.0
2006,Czech Republic,Czech Republic,8,30,Group stage,0.0,3,1,33.33333333333333
2006,Côte d'Ivoire,Côte d'Ivoire,0,0,Group stage,0.0,3,1,33.33333333333333
2010,Côte d'Ivoire,Côte d'Ivoire,1,3,Group stage,0.0,3,1,33.33333333333333
2014,Côte d'Ivoire,Côte d'Ivoire,2,6,Group stage,0.0,3,1,33.33333333333333
1986,Denmark,Denmark,0,0,Round of 16,1.33,4,3,75.0
1998,Denmark,Denmark,1,4,Quarter-finals,2.67,5,2,40.0
2002,Denmark,Denmark,2,9,Round of 16,1.33,4,2,50.0
2010,Denmark,Denmark,3,13,Group stage,0.0,3,1,33.33333333333333
2018,Denmark,Denmark,4,16,Round of 16,1.33,4,1,25.0
2022,Denmark,Denmark,5,20,Group stage,0.0,3,0,0.0
2002,Ecuador,Ecuador,0,0,Group stage,0.0,3,1,33.33333333333333
2006,Ecuador,Ecuador,1,3,Round of 16,1.33,4,2,50.0
2014,Ecuador,Ecuador,2,7,Group stage,0.0,3,1,33.33333333333333
2022,Ecuador,Ecuador,3,10,Group stage,0.0,3,1,33.33333333333333
1934,Egypt,Egypt,0,0,Round of 16,0.0,1,0,0.0
1990,Egypt,Egypt,1,1,Group stage,0.0,3,0,0.0
2018,Egypt,Egypt,2,4,Group stage,0.0,3,0,0.0
1970,El Salvador,El Salvador,0,0,Group stage,0.0,3,0,0.0
1982,El Salvador,El Salvador,1,3,First group stage,0.0,3,0,0.0
1950,England,England,0,0,Group stage,0.0,3,1,33.33333333333333
1954,England,England,1,3,Quarter-finals,2.67,3,1,33.33333333333333
1958,England,England,2,6,Group stage play-off,1.33,4,0,0.0
1962,England,England,3,10,Quarter-finals,2.0,4,1,25.0
1966,England,England,4,14,Champion,6.0,6,5,83.33333333333334
1970,England,England,5,20,Quarter-finals,2.0,4,2,50.0
1982,England,England,6,24,Second group stage,2.0,5,3,60.0
1986,England,England,7,29,Quarter-finals,2.67,5,2,40.0
1990,England,England,8,34,Semi-finals,4.0,7,3,42.857142857142854
1998,England,England,9,41,Round of 16,1.33,4,2,50.0
2002,England,England,10,45,Quarter-finals,2.67,5,2,40.0
2006,England,England,11,50,Quarter-finals,2.67,5,3,60.0
2010,England,England,12,55,Round of 16,1.33,4,1,25.0
2014,England,England,13,59,Group stage,0.0,3,0,0.0
2018,England,England,14,62,Semi-finals,4.0,7,3,42.857142857142854
2022,England,England,15,69,Quarter-finals,2.67,5,3,60.0
1930,France,France,0,0,Group stage,0.0,3,1,33.33333333333333
1934,France,France,1,3,Round of 16,0.0,1,0,0.0
1938,France,France,2,4,Quarter-finals,2.0,2,1,50.0
1954,France,France,3,6,Group stage,0.0,2,1,50.0
1958,France,France,4,8,Semi-finals,4.0,6,4,66.66666666666666
1966,France,France,5,14,Group stage,0.0,3,0,0.0
1978,France,France,6,17,First round,0.0,3,1,33.33333333333333
1982,France,France,7,20,Semi-finals,4.0,7,3,42.857142857142854
1986,France,France,8,27,Semi-finals,4.0,7,4,57.14285714285714
1998,France,France,9,34,Champion,6.0,7,6,85.71428571428571
2002,France,France,10,41,Group stage,0.0,3,0,0.0
2006,France,France,11,44,Runner-up,5.0,7,4,57.14285714285714
2010,France,France,12,51,Group stage,0.0,3,0,0.0
2014,France,France,13,54,Quarter-finals,2.67,5,3,60.0
2018,France,France,14,59,Champion,6.0,7,6,85.71428571428571
2022,France,France,15,66,Runner-up,5.0,7,5,71.42857142857143
1934,Germany,Germany,0,0,Semi-finals,4.0,4,3,75.0
1938,Germany,Germany,1,4,Round of 16,0.0,2,0,0.0
1954,Germany,Germany,2,6,Champion,6.0,6,5,83.33333333333334
1958,West Germany,Germany,3,12,Semi-finals,4.0,6,2,33.33333333333333
1962,West Germany,Germany,4,18,Quarter-finals,2.0,4,2,50.0
1966,West Germany,Germany,5,22,Runner-up,5.0,6,4,66.66666666666666
1970,West Germany,Germany,6,28,Semi-finals,4.0,6,5,83.33333333333334
1974,Germany DR,Germany,7,34,Second round,4.0,6,2,33.33333333333333
1974,West Germany,Germany,7,34,Champion,6.0,7,6,85.71428571428571
1978,West Germany,Germany,8,47,Second round,4.0,6,1,16.666666666666664
1982,West Germany,Germany,9,53,Runner-up,5.0,7,3,42.857142857142854
1986,West Germany,Germany,10,60,Runner-up,5.0,7,3,42.857142857142854
1990,West Germany,Germany,11,67,Champion,6.0,7,5,71.42857142857143
1994,Germany,Germany,12,74,Quarter-finals,2.67,5,3,60.0
1998,Germany,Germany,13,79,Quarter-finals,2.67,5,3,60.0
2002,Germany,Germany,14,84,Runner-up,5.0,7,5,71.42857142857143
2006,Germany,Germany,15,91,Semi-finals,4.0,7,5,71.42857142857143
2010,Germany,Germany,16,98,Semi-finals,4.0,7,5,71.42857142857143
2014,Germany,Germany,17,105,Champion,6.0,7,6,85.71428571428571
2018,Germany,Germany,18,112,Group stage,0.0,3,1,33.33333333333333
2022,Germany,Germany,19,115,Group stage,0.0,3,1,33.33333333333333
2006,Ghana,Ghana,0,0,Round of 16,1.33,4,2,50.0
2010,Ghana,Ghana,1,4,Quarter-finals,2.67,5,2,40.0
2014,Ghana,Ghana,2,9,Group stage,0.0,3,0,0.0
2022,Ghana,Ghana,3,12,Group stage,0.0,3,1,33.33333333333333
1994,Greece,Greece,0,0,Group stage,0.0,3,0,0.0
2010,Greece,Greece,1,3,Group stage,0.0,3,1,33.33333333333333
2014,Greece,Greece,2,6,Round of 16,1.33,4,1,25.0
1974,Haiti,Haiti,0,0,First round,0.0,3,0,0.0
1982,Honduras,Honduras,0,0,First group stage,0.0,3,0,0.0
2010,Honduras,Honduras,1,3,Group stage,0.0,3,0,0.0
2014,Honduras,Honduras,2,6,Group stage,0.0,3,0,0.0
1934,Hungary,Hungary,0,0,Quarter-finals,2.0,2,1,50.0
1938,Hungary,Hungary,1,2,Runner-up,5.0,4,3,75.0
1954,Hungary,Hungary,2,6,Runner-up,5.0,5,4,80.0
1958,Hungary,Hungary,3,11,Group stage play-off,1.33,4,1,25.0
1962,Hungary,Hungary,4,15,Quarter-finals,2.0,4,2,50.0
1966,Hungary,Hungary,5,19,Quarter-finals,2.0,4,2,50.0
1978,Hungary,Hungary,6,23,First round,0.0,3,0,0.0
1982,Hungary,Hungary,7,26,First group stage,0.0,3,1,33.33333333333333
1986,Hungary,Hungary,8,29,Group stage,0.0,3,1,33.33333333333333
2018,Iceland,Iceland,0,0,Group stage,0.0,3,0,0.0
1938,Dutch East Indies,Indonesia,0,0,Round of 16,0.0,1,0,0.0
1978,IR Iran,Iran,0,0,First round,0.0,3,0,0.0
1998,IR Iran,Iran,1,3,Group stage,0.0,3,1,33.33333333333333
2006,IR Iran,Iran,2,6,Group stage,0.0,3,0,0.0
2014,IR Iran,Iran,3,9,Group stage,0.0,3,0,0.0
2018,IR Iran,Iran,4,12,Group stage,0.0,3,1,33.33333333333333
2022,IR Iran,Iran,5,15,Group stage,0.0,3,1,33.33333333333333
1986,Iraq,Iraq,0,0,Group stage,0.0,3,0,0.0
1970,Israel,Israel,0,0,Group stage,0.0,3,0,0.0
1934,Italy,Italy,0,0,Champion,6.0,5,4,80.0
1938,Italy,Italy,1,5,Champion,6.0,4,4,100.0
1950,Italy,Italy,2,9,Group stage,0.0,2,1,50.0
1954,Italy,Italy,3,11,Group stage play-off,1.33,3,1,33.33333333333333
1962,Italy,Italy,4,14,Group stage,0.0,3,1,33.33333333333333
1966,Italy,Italy,5,17,Group stage,0.0,3,1,33.33333333333333
1970,Italy,Italy,6,20,Runner-up,5.0,6,3,50.0
1974,Italy,Italy,7,26,First round,0.0,3,1,33.33333333333333
1978,Italy,Italy,8,29,Second round,4.0,7,4,57.14285714285714
1982,Italy,Italy,9,36,Champion,6.0,7,4,57.14285714285714
1986,Italy,Italy,10,43,Round of 16,1.33,4,1,25.0
1990,Italy,Italy,11,47,Semi-finals,4.0,7,6,85.71428571428571
1994,Italy,Italy,12,54,Runner-up,5.0,7,4,57.14285714285714
1998,Italy,Italy,13,61,Quarter-finals,2.67,5,3,60.0
2002,Italy,Italy,14,66,Round of 16,1.33,4,1,25.0
2006,Italy,Italy,15,70,Champion,6.0,7,5,71.42857142857143
2010,Italy,Italy,16,77,Group stage,0.0,3,0,0.0
2014,Italy,Italy,17,80,Group stage,0.0,3,1,33.33333333333333
1998,Jamaica,Jamaica,0,0,Group stage,0.0,3,1,33.33333333333333
1998,Japan,Japan,0,0,Group stage,0.0,3,0,0.0
2002,Japan,Japan,1,3,Round of 16,1.33,4,2,50.0
2006,Japan,Japan,2,7,Group stage,0.0,3,0,0.0
2010,Japan,Japan,3,10,Round of 16,1.33,4,2,50.0
2014,Japan,Japan,4,14,Group stage,0.0,3,0,0.0
2018,Japan,Japan,5,17,Round of 16,1.33,4,1,25.0
2022,Japan,Japan,6,21,Round of 16,1.33,4,2,50.0
1966,Korea DPR,Korea DPR,0,0,Quarter-finals,2.0,4,1,25.0
2010,Korea DPR,Korea DPR,1,4,Group stage,0.0,3,0,0.0
1982,Kuwait,Kuwait,0,0,First group stage,0.0,3,0,0.0
1930,Mexico,Mexico,0,0,Group stage,0.0,3,0,0.0
1950,Mexico,Mexico,1,3,Group stage,0.0,3,0,0.0
1954,Mexico,Mexico,2,6,Group stage,0.0,2,0,0.0
1958,Mexico,Mexico,3,8,Group stage,0.0,3,0,0.0
1962,Mexico,Mexico,4,11,Group stage,0.0,3,1,33.33333333333333
1966,Mexico,Mexico,5,14,Group stage,0.0,3,0,0.0
1970,Mexico,Mexico,6,17,Quarter-finals,2.0,4,2,50.0
1978,Mexico,Mexico,7,21,First round,0.0,3,0,0.0
1986,Mexico,Mexico,8,24,Quarter-finals,2.67,5,3,60.0
1994,Mexico,Mexico,9,29,Round of 16,1.33,4,1,25.0
1998,Mexico,Mexico,10,33,Round of 16,1.33,4,1,25.0
2002,Mexico,Mexico,11,37,Round of 16,1.33,4,2,50.0
2006,Mexico,Mexico,12,41,Round of 16,1.33,4,1,25.0
2010,Mexico,Mexico,13,45,Round of 16,1.33,4,1,25.0
2014,Mexico,Mexico,14,49,Round of 16,1.33,4,2,50.0
2018,Mexico,Mexico,15,53,Round of 16,1.33,4,2,50.0
2022,Mexico,Mexico,16,57,Group stage,0.0,3,1,33.33333333333333
1970,Morocco,Morocco,0,0,Group stage,0.0,3,0,0.0
1986,Morocco,Morocco,1,3,Round of 16,1.33,4,1,25.0
1994,Morocco,Morocco,2,7,Group stage,0.0,3,0,0.0
1998,Morocco,Morocco,3,10,Group stage,0.0,3,1,33.33333333333333
2018,Morocco,Morocco,4,13,Group stage,0.0,3,0,0.0
2022,Morocco,Morocco,5,16,Semi-finals,4.0,7,3,42.857142857142854
1934,Netherlands,Netherlands,0,0,Round of 16,0.0,1,0,0.0
1938,Netherlands,Netherlands,1,1,Round of 16,0.0,1,0,0.0
1974,Netherlands,Netherlands,2,2,Runner-up,5.0,7,5,71.42857142857143
1978,Netherlands,Netherlands,3,9,Runner-up,5.0,7,3,42.857142857142854
1990,Netherlands,Netherlands,4,16,Round of 16,1.33,4,0,0.0
1994,Netherlands,Netherlands,5,20,Quarter-finals,2.67,5,3,60.0
1998,Netherlands,Netherlands,6,25,Semi-finals,4.0,7,3,42.857142857142854
2006,Netherlands,Netherlands,7,32,Round of 16,1.33,4,2,50.0
2010,Netherlands,Netherlands,8,36,Runner-up,5.0,7,6,85.71428571428571
2014,Netherlands,Netherlands,9,43,Semi-finals,4.0,7,5,71.42857142857143
2022,Netherlands,Netherlands,10,50,Quarter-finals,2.67,5,3,60.0
1982,New Zealand,New Zealand,0,0,First group stage,0.0,3,0,0.0
2010,New Zealand,New Zealand,1,3,Group stage,0.0,3,0,0.0
1994,Nigeria,Nigeria,0,0,Round of 16,1.33,4,2,50.0
1998,Nigeria,Nigeria,1,4,Round of 16,1.33,4,2,50.0
2002,Nigeria,Nigeria,2,8,Group stage,0.0,3,0,0.0
2010,Nigeria,Nigeria,3,11,Group stage,0.0,3,0,0.0
2014,Nigeria,Nigeria,4,14,Round of 16,1.33,4,1,25.0
2018,Nigeria,Nigeria,5,18,Group stage,0.0,3,1,33.33333333333333
1958,Northern Ireland,Northern Ireland,0,0,Quarter-finals,2.67,5,2,40.0
1982,Northern Ireland,Northern Ireland,1,5,Second group stage,2.0,5,1,20.0
1986,Northern Ireland,Northern Ireland,2,10,Group stage,0.0,3,0,0.0
1938,Norway,Norway,0,0,Round of 16,0.0,1,0,0.0
1994,Norway,Norway,1,1,Group stage,0.0,3,1,33.33333333333333
1998,Norway,Norway,2,4,Round of 16,1.33,4,1,25.0
2018,Panama,Panama,0,0,Group stage,0.0,3,0,0.0
1930,Paraguay,Paraguay,0,0,Group stage,0.0,2,1,50.0
1950,Paraguay,Paraguay,1,2,Group stage,0.0,2,0,0.0
1958,Paraguay,Paraguay,2,4,Group stage,0.0,3,1,33.33333333333333
1986,Paraguay,Paraguay,3,7,Round of 16,1.33,4,1,25.0
1998,Paraguay,Paraguay,4,11,Round of 16,1.33,4,1,25.0
2002,Paraguay,Paraguay,5,15,Round of 16,1.33,4,1,25.0
2006,Paraguay,Paraguay,6,19,Group stage,0.0,3,1,33.33333333333333
2010,Paraguay,Paraguay,7,22,Quarter-finals,2.67,5,1,20.0
1930,Peru,Peru,0,0,Group stage,0.0,2,0,0.0
1970,Peru,Peru,1,2,Quarter-finals,2.0,4,2,50.0
1978,Peru,Peru,2,6,Second round,4.0,6,2,33.33333333333333
1982,Peru,Peru,3,12,First group stage,0.0,3,0,0.0
2018,Peru,Peru,4,15,Group stage,0.0,3,1,33.33333333333333
1938,Poland,Poland,0,0,Round of 16,0.0,1,0,0.0
1974,Poland,Poland,1,1,Second round,4.0,7,6,85.71428571428571
1978,Poland,Poland,2,8,Second round,4.0,6,3,50.0
1982,Poland,Poland,3,14,Semi-finals,4.0,7,3,42.857142857142854
1986,Poland,Poland,4,21,Round of 16,1.33,4,1,25.0
2002,Poland,Poland,5,25,Group stage,0.0,3,1,33.33333333333333
2006,Poland,Poland,6,28,Group stage,0.0,3,1,33.33333333333333
2018,Poland,Poland,7,31,Group stage,0.0,3,1,33.33333333333333
2022,Poland,Poland,8,34,Round of 16,1.33,4,1,25.0
1966,Portugal,Portugal,0,0,Semi-finals,4.0,6,5,83.33333333333334
1986,Portugal,Portugal,1,6,Group stage,0.0,3,1,33.33333333333333
2002,Portugal,Portugal,2,9,Group stage,0.0,3,1,33.33333333333333
2006,Portugal,Portugal,3,12,Semi-finals,4.0,7,4,57.14285714285714
2010,Portugal,Portugal,4,19,Round of 16,1.33,4,1,25.0
2014,Portugal,Portugal,5,23,Group stage,0.0,3,1,33.33333333333333
2018,Portugal,Portugal,6,26,Round of 16,1.33,4,1,25.0
2022,Portugal,Portugal,7,30,Quarter-finals,2.67,5,3,60.0
2022,Qatar,Qatar,0,0,Group stage,0.0,3,0,0.0
1990,Republic of Ireland,Republic of Ireland,0,0,Quarter-finals,2.67,5,0,0.0
1994,Republic of Ireland,Republic of Ireland,1,5,Round of 16,1.33,4,1,25.0
2002,Republic of Ireland,Republic of Ireland,2,9,Round of 16,1.33,4,1,25.0
1930,Romania,Romania,0,0,Group stage,0.0,2,1,50.0
1934,Romania,Romania,1,2,Round of 16,0.0,1,0,0.0
1938,Romania,Romania,2,3,Round of 16,0.0,2,0,0.0
1970,Romania,Romania,3,5,Group stage,0.0,3,1,33.33333333333333
1990,Romania,Romania,4,8,Round of 16,1.33,4,1,25.0
1994,Romania,Romania,5,12,Quarter-finals,2.67,5,3,60.0
1998,Romania,Romania,6,17,Round of 16,1.33,4,2,50.0
1958,Soviet Union,Russia,0,0,Quarter-finals,2.67,5,2,40.0
1962,Soviet Union,Russia,1,5,Quarter-finals,2.0,4,2,50.0
1966,Soviet Union,Russia,2,9,Semi-finals,4.0,6,4,66.66666666666666
1970,Soviet Union,Russia,3,15,Quarter-finals,2.0,4,2,50.0
1982,Soviet Union,Russia,4,19,Second group stage,2.0,5,2,40.0
1986,Soviet Union,Russia,5,24,Round of 16,1.33,4,2,50.0
1990,Soviet Union,Russia,6,28,Group stage,0.0,3,1,33.33333333333333
1994,Russia,Russia,7,31,Group stage,0.0,3,1,33.33333333333333
2002,Russia,Russia,8,34,Group stage,0.0,3,1,33.33333333333333
2014,Russia,Russia,9,37,Group stage,0.0,3,0,0.0
2018,Russia,Russia,10,40,Quarter-finals,2.67,5,2,40.0
1994,Saudi Arabia,Saudi Arabia,0,0,Round of 16,1.33,4,2,50.0
1998,Saudi Arabia,Saudi Arabia,1,4,Group stage,0.0,3,0,0.0
2002,Saudi Arabia,Saudi Arabia,2,7,Group stage,0.0,3,0,0.0
2006,Saudi Arabia,Saudi Arabia,3,10,Group stage,0.0,3,0,0.0
2018,Saudi Arabia,Saudi Arabia,4,13,Group stage,0.0,3,1,33.33333333333333
2022,Saudi Arabia,Saudi Arabia,5,16,Group stage,0.0,3,1,33.33333333333333
1954,Scotland,Scotland,0,0,Group stage,0.0,2,0,0.0
1958,Scotland,Scotland,1,2,Group stage,0.0,3,0,0.0
1974,Scotland,Scotland,2,5,First round,0.0,3,1,33.33333333333333
1978,Scotland,Scotland,3,8,First round,0.0,3,1,33.33333333333333
1982,Scotland,Scotland,4,11,First group stage,0.0,3,1,33.33333333333333
1986,Scotland,Scotland,5,14,Group stage,0.0,3,0,0.0
1990,Scotland,Scotland,6,17,Group stage,0.0,3,1,33.33333333333333
1998,Scotland,Scotland,7,20,Group stage,0.0,3,0,0.0
2002,Senegal,Senegal,0,0,Quarter-finals,2.67,5,2,40.0
2018,Senegal,Senegal,1,5,Group stage,0.0,3,1,33.33333333333333
2022,Senegal,Senegal,2,8,Round of 16,1.33,4,2,50.0
1930,Yugoslavia,Serbia,0,0,Semi-finals,4.0,3,2,66.66666666666666
1950,Yugoslavia,Serbia,1,3,Group stage,0.0,3,2,66.66666666666666
1954,Yugoslavia,Serbia,2,6,Quarter-finals,2.67,3,1,33.33333333333333
1958,Yugoslavia,Serbia,3,9,Quarter-finals,2.67,4,1,25.0
1962,Yugoslavia,Serbia,4,13,Semi-finals,4.0,6,3,50.0
1974,Yugoslavia,Serbia,5,19,Second round,4.0,6,1,16.666666666666664
1982,Yugoslavia,Serbia,6,25,First group stage,0.0,3,1,33.33333333333333
1990,Yugoslavia,Serbia,7,28,Quarter-finals,2.67,5,3,60.0
1998,FR Yugoslavia,Serbia,8,33,Round of 16,1.33,4,2,50.0
2006,Serbia and Montenegro,Serbia,9,37,Group stage,0.0,3,0,0.0
2010,Serbia,Serbia,10,40,Group stage,0.0,3,1,33.33333333333333
2018,Serbia,Serbia,11,43,Group stage,0.0,3,1,33.33333333333333
2022,Serbia,Serbia,12,46,Group stage,0.0,3,0,0.0
2010,Slovakia,Slovakia,0,0,Round of 16,1.33,4,1,25.0
2002,Slovenia,Slovenia,0,0,Group stage,0.0,3,0,0.0
2010,Slovenia,Slovenia,1,3,Group stage,0.0,3,1,33.33333333333333
1998,South Africa,South Africa,0,0,Group stage,0.0,3,0,0.0
2002,South Africa,South Africa,1,3,Group stage,0.0,3,1,33.33333333333333
2010,South Africa,South Africa,2,6,Group stage,0.0,3,1,33.33333333333333
1954,Korea Republic,South Korea,0,0,Group stage,0.0,2,0,0.0
1986,Korea Republic,South Korea,1,2,Group stage,0.0,3,0,0.0
1990,Korea Republic,South Korea,2,5,Group stage,0.0,3,0,0.0
1994,Korea Republic,South Korea,3,8,Group stage,0.0,3,0,0.0
1998,Korea Republic,South Korea,4,11,Group stage,0.0,3,0,0.0
2002,Korea Republic,South Korea,5,14,Semi-finals,4.0,7,3,42.857142857142854
2006,Korea Republic,South Korea,6,21,Group stage,0.0,3,1,33.33333333333333
2010,Korea Republic,South Korea,7,24,Round of 16,1.33,4,1,25.0
2014,Korea Republic,South Korea,8,28,Group stage,0.0,3,0,0.0
2018,Korea Republic,South Korea,9,31,Group stage,0.0,3,1,33.33333333333333
2022,Korea Republic,South Korea,10,34,Round of 16,1.33,4,1,25.0
1934,Spain,Spain,0,0,Quarter-finals,2.0,3,1,33.33333333333333
1950,Spain,Spain,1,3,Final stage,4.0,6,3,50.0
1962,Spain,Spain,2,9,Group stage,0.0,3,1,33.33333333333333
1966,Spain,Spain,3,12,Group stage,0.0,3,1,33.33333333333333
1978,Spain,Spain,4,15,First round,0.0,3,1,33.33333333333333
1982,Spain,Spain,5,18,Second group stage,2.0,5,1,20.0
1986,Spain,Spain,6,23,Quarter-finals,2.67,5,3,60.0
1990,Spain,Spain,7,28,Round of 16,1.33,4,2,50.0
1994,Spain,Spain,8,32,Quarter-finals,2.67,5,2,40.0
1998,Spain,Spain,9,37,Group stage,0.0,3,1,33.33333333333333
2002,Spain,Spain,10,40,Quarter-finals,2.67,5,3,60.0
2006,Spain,Spain,11,45,Round of 16,1.33,4,3,75.0
2010,Spain,Spain,12,49,Champion,6.0,7,6,85.71428571428571
2014,Spain,Spain,13,56,Group stage,0.0,3,1,33.33333333333333
2018,Spain,Spain,14,59,Round of 16,1.33,4,1,25.0
2022,Spain,Spain,15,63,Round of 16,1.33,4,1,25.0
1934,Sweden,Sweden,0,0,Quarter-finals,2.0,2,1,50.0
1938,Sweden,Sweden,1,2,Semi-finals,4.0,3,1,33.33333333333333
1950,Sweden,Sweden,2,5,Final stage,4.0,5,2,40.0
1958,Sweden,Sweden,3,10,Runner-up,5.0,6,4,66.66666666666666
1970,Sweden,Sweden,4,16,Group stage,0.0,3,1,33.33333333333333
1974,Sweden,Sweden,5,19,Second round,4.0,6,2,33.33333333333333
1978,Sweden,Sweden,6,25,First round,0.0,3,0,0.0
1990,Sweden,Sweden,7,28,Group stage,0.0,3,0,0.0
1994,Sweden,Sweden,8,31,Semi-finals,4.0,7,3,42.857142857142854
2002,Sweden,Sweden,9,38,Round of 16,1.33,4,1,25.0
2006,Sweden,Sweden,10,42,Round of 16,1.33,4,1,25.0
2018,Sweden,Sweden,11,46,Quarter-finals,2.67,5,3,60.0
1934,Switzerland,Switzerland,0,0,Quarter-finals,2.0,2,1,50.0
1938,Switzerland,Switzerland,1,2,Quarter-finals,2.0,3,1,33.33333333333333
1950,Switzerland,Switzerland,2,5,Group stage,0.0,3,1,33.33333333333333
1954,Switzerland,Switzerland,3,8,Quarter-finals,2.67,4,2,50.0
1962,Switzerland,Switzerland,4,12,Group stage,0.0,3,0,0.0
1966,Switzerland,Switzerland,5,15,Group stage,0.0,3,0,0.0
1994,Switzerland,Switzerland,6,18,Round of 16,1.33,4,1,25.0
2006,Switzerland,Switzerland,7,22,Round of 16,1.33,4,2,50.0
2010,Switzerland,Switzerland,8,26,Group stage,0.0,3,1,33.33333333333333
2014,Switzerland,Switzerland,9,29,Round of 16,1.33,4,2,50.0
2018,Switzerland,Switzerland,10,33,Round of 16,1.33,4,1,25.0
2022,Switzerland,Switzerland,11,37,Round of 16,1.33,4,2,50.0
2006,Togo,Togo,0,0,Group stage,0.0,3,0,0.0
2006,Trinidad and Tobago,Trinidad and Tobago,0,0,Group stage,0.0,3,0,0.0
1978,Tunisia,Tunisia,0,0,First round,0.0,3,1,33.33333333333333
1998,Tunisia,Tunisia,1,3,Group stage,0.0,3,0,0.0
2002,Tunisia,Tunisia,2,6,Group stage,0.0,3,0,0.0
2006,Tunisia,Tunisia,3,9,Group stage,0.0,3,0,0.0
2018,Tunisia,Tunisia,4,12,Group stage,0.0,3,1,33.33333333333333
2022,Tunisia,Tunisia,5,15,Group stage,0.0,3,1,33.33333333333333
1954,Türkiye,Turkey,0,0,Group stage play-off,1.33,3,1,33.33333333333333
2002,Türkiye,Turkey,1,3,Semi-finals,4.0,7,4,57.14285714285714
2006,Ukraine,Ukraine,0,0,Quarter-finals,2.67,5,2,40.0
1990,United Arab Emirates,United Arab Emirates,0,0,Group stage,0.0,3,0,0.0
1930,United States,United States,0,0,Semi-finals,4.0,3,2,66.66666666666666
1934,United States,United States,1,3,Round of 16,0.0,1,0,0.0
1950,United States,United States,2,4,Group stage,0.0,3,1,33.33333333333333
1990,United States,United States,3,7,Group stage,0.0,3,0,0.0
1994,United States,United States,4,10,Round of 16,1.33,4,1,25.0
1998,United States,United States,5,14,Group stage,0.0,3,0,0.0
2002,United States,United States,6,17,Quarter-finals,2.67,5,2,40.0
2006,United States,United States,7,22,Group stage,0.0,3,0,0.0
2010,United States,United States,8,25,Round of 16,1.33,4,1,25.0
2014,United States,United States,9,29,Round of 16,1.33,4,1,25.0
2022,United States,United States,10,33,Round of 16,1.33,4,1,25.0
1930,Uruguay,Uruguay,0,0,Champion,6.0,4,4,100.0
1950,Uruguay,Uruguay,1,4,Final stage,4.0,4,3,75.0
1954,Uruguay,Uruguay,2,8,Semi-finals,4.0,5,3,60.0
1962,Uruguay,Uruguay,3,13,Group stage,0.0,3,1,33.33333333333333
1966,Uruguay,Uruguay,4,16,Quarter-finals,2.0,4,1,25.0
1970,Uruguay,Uruguay,5,20,Semi-finals,4.0,6,2,33.33333333333333
1974,Uruguay,Uruguay,6,26,First round,0.0,3,0,0.0
1986,Uruguay,Uruguay,7,29,Round of 16,1.33,4,0,0.0
1990,Uruguay,Uruguay,8,33,Round of 16,1.33,4,1,25.0
2002,Uruguay,Uruguay,9,37,Group stage,0.0,3,0,0.0
2010,Uruguay,Uruguay,10,40,Semi-finals,4.0,7,3,42.857142857142854
2014,Uruguay,Uruguay,11,47,Round of 16,1.33,4,2,50.0
2018,Uruguay,Uruguay,12,51,Quarter-finals,2.67,5,4,80.0
2022,Uruguay,Uruguay,13,56,Group stage,0.0,3,1,33.33333333333333
1958,Wales,Wales,0,0,Quarter-finals,2.67,5,1,20.0
2022,Wales,Wales,1,5,Group stage,0.0,3,0,0.0
1974,Zaire,Zaire,0,0,First round,0.0,3,0,0.0
