Team,Participations,Matches_Played,Avg_Matches_Per_Tournament,Wins,Draws,Losses,Win_Percentage,Goals_Scored,Goals_Conceded,Goal_Difference,Goals_Per_Match,Goal_Difference_Per_Match
Brazil,22,114,5.181818181818182,76,19,19,0.6666666666666666,237,108,129,2.0789473684210527,1.131578947368421
Argentina,18,88,4.888888888888889,47,17,24,0.5340909090909091,152,101,51,1.7272727272727273,0.5795454545454546
Italy,18,83,4.611111111111111,45,21,17,0.5421686746987951,128,77,51,1.5421686746987953,0.6144578313253012
Mexico,17,60,3.5294117647058822,17,15,28,0.2833333333333333,62,101,-39,1.0333333333333334,-0.65
England,16,74,4.625,32,22,20,0.43243243243243246,104,68,36,1.4054054054054055,0.4864864864864865
France,16,73,4.5625,39,14,20,0.5342465753424658,136,85,51,1.8630136986301369,0.6986301369863014
Spain,16,67,4.1875,31,17,19,0.4626865671641791,108,75,33,1.6119402985074627,0.4925373134328358
Belgium,14,51,3.642857142857143,21,10,20,0.4117647058823529,69,74,-5,1.3529411764705883,-0.09803921568627451
Uruguay,14,59,4.214285714285714,25,13,21,0.423728813559322,89,76,13,1.5084745762711864,0.22033898305084745
Switzerland,12,41,3.4166666666666665,14,8,19,0.34146341463414637,55,73,-18,1.3414634146341464,-0.43902439024390244
Sweden,12,51,4.25,19,13,19,0.37254901960784315,80,73,7,1.5686274509803921,0.13725490196078433
Germany,11,56,5.090909090909091,37,7,12,0.6607142857142857,126,67,59,2.25,1.0535714285714286
Netherlands,11,55,5.0,30,14,11,0.5454545454545454,96,52,44,1.7454545454545454,0.8
Korea Republic,11,38,3.4545454545454546,7,10,21,0.18421052631578946,39,78,-39,1.0263157894736843,-1.0263157894736843
United States,11,37,3.3636363636363638,9,8,20,0.24324324324324326,40,66,-26,1.0810810810810811,-0.7027027027027027
Hungary,9,32,3.5555555555555554,15,3,14,0.46875,87,57,30,2.71875,0.9375
West Germany,9,56,6.222222222222222,31,14,11,0.5535714285714286,106,63,43,1.8928571428571428,0.7678571428571429
Poland,9,38,4.222222222222222,17,6,15,0.4473684210526316,49,50,-1,1.2894736842105263,-0.02631578947368421
Chile,9,33,3.6666666666666665,11,7,15,0.3333333333333333,40,49,-9,1.2121212121212122,-0.2727272727272727
Paraguay,8,27,3.375,7,10,10,0.25925925925925924,30,38,-8,1.1111111111111112,-0.2962962962962963
Czechoslovakia,8,30,3.75,11,5,14,0.36666666666666664,44,45,-1,1.4666666666666666,-0.03333333333333333
Cameroon,8,26,3.25,5,8,13,0.19230769230769232,22,47,-25,0.8461538461538461,-0.9615384615384616
Yugoslavia,8,33,4.125,14,7,12,0.42424242424242425,55,42,13,1.6666666666666667,0.3939393939393939
Scotland,8,23,2.875,4,7,12,0.17391304347826086,25,41,-16,1.0869565217391304,-0.6956521739130435
Portugal,8,35,4.375,17,6,12,0.4857142857142857,61,41,20,1.7428571428571429,0.5714285714285714
Japan,7,25,3.5714285714285716,7,6,12,0.28,25,33,-8,1.0,-0.32
Soviet Union,7,31,4.428571428571429,15,6,10,0.4838709677419355,53,34,19,1.7096774193548387,0.6129032258064516
Romania,7,21,3.0,8,5,8,0.38095238095238093,30,32,-2,1.4285714285714286,-0.09523809523809523
Austria,7,29,4.142857142857143,12,4,13,0.41379310344827586,43,47,-4,1.4827586206896552,-0.13793103448275862
Bulgaria,7,26,3.7142857142857144,3,8,15,0.11538461538461539,22,53,-31,0.8461538461538461,-1.1923076923076923
Morocco,6,23,3.8333333333333335,5,7,11,0.21739130434782608,20,27,-7,0.8695652173913043,-0.30434782608695654
Colombia,6,22,3.6666666666666665,9,3,10,0.4090909090909091,32,30,2,1.4545454545454546,0.09090909090909091
Croatia,6,30,5.0,13,8,9,0.43333333333333335,43,33,10,1.4333333333333333,0.3333333333333333
Denmark,6,23,3.8333333333333335,9,6,8,0.391304347826087,31,29,2,1.3478260869565217,0.08695652173913043
Costa Rica,6,21,3.5,6,5,10,0.2857142857142857,22,39,-17,1.0476190476190477,-0.8095238095238095
Australia,6,20,3.3333333333333335,4,4,12,0.2,17,37,-20,0.85,-1.0
Saudi Arabia,6,19,3.1666666666666665,4,2,13,0.21052631578947367,14,44,-30,0.7368421052631579,-1.5789473684210527
Tunisia,6,18,3.0,3,5,10,0.16666666666666666,14,26,-12,0.7777777777777778,-0.6666666666666666
Nigeria,6,21,3.5,6,3,12,0.2857142857142857,23,30,-7,1.0952380952380953,-0.3333333333333333
IR Iran,6,18,3.0,3,4,11,0.16666666666666666,13,31,-18,0.7222222222222222,-1.0
Peru,5,18,3.6,5,3,10,0.2777777777777778,21,33,-12,1.1666666666666667,-0.6666666666666666
Algeria,4,13,3.25,3,3,7,0.23076923076923078,13,19,-6,1.0,-0.46153846153846156
Ecuador,4,13,3.25,5,2,6,0.38461538461538464,14,14,0,1.0769230769230769,0.0
Ghana,4,15,3.75,5,3,7,0.3333333333333333,18,23,-5,1.2,-0.3333333333333333
Russia,4,14,3.5,4,4,6,0.2857142857142857,24,20,4,1.7142857142857142,0.2857142857142857
Bolivia,3,6,2.0,0,1,5,0.0,1,20,-19,0.16666666666666666,-3.1666666666666665
Egypt,3,7,2.3333333333333335,0,2,5,0.0,5,12,-7,0.7142857142857143,-1.0
Senegal,3,12,4.0,5,3,4,0.4166666666666667,16,17,-1,1.3333333333333333,-0.08333333333333333
Republic of Ireland,3,13,4.333333333333333,2,8,3,0.15384615384615385,10,10,0,0.7692307692307693,0.0
South Africa,3,9,3.0,2,4,3,0.2222222222222222,11,16,-5,1.2222222222222223,-0.5555555555555556
Serbia,3,9,3.0,2,1,6,0.2222222222222222,9,15,-6,1.0,-0.6666666666666666
Greece,3,10,3.3333333333333335,2,2,6,0.2,5,20,-15,0.5,-1.5
Côte d'Ivoire,3,9,3.0,3,1,5,0.3333333333333333,13,14,-1,1.4444444444444444,-0.1111111111111111
Honduras,3,9,3.0,0,3,6,0.0,3,14,-11,0.3333333333333333,-1.2222222222222223
Norway,3,8,2.6666666666666665,2,3,3,0.25,7,8,-1,0.875,-0.125
Northern Ireland,3,13,4.333333333333333,3,5,5,0.23076923076923078,13,23,-10,1.0,-0.7692307692307693
Korea DPR,2,7,3.5,1,1,5,0.14285714285714285,6,21,-15,0.8571428571428571,-2.142857142857143
Wales,2,8,4.0,1,4,3,0.125,5,10,-5,0.625,-0.625
Türkiye,2,10,5.0,5,1,4,0.5,20,17,3,2.0,0.3
Canada,2,6,3.0,0,0,6,0.0,2,12,-10,0.3333333333333333,-1.6666666666666667
El Salvador,2,6,3.0,0,0,6,0.0,1,22,-21,0.16666666666666666,-3.5
New Zealand,2,6,3.0,0,3,3,0.0,4,14,-10,0.6666666666666666,-1.6666666666666667
Slovenia,2,6,3.0,1,1,4,0.16666666666666666,5,10,-5,0.8333333333333334,-0.8333333333333334
Czech Republic,1,3,3.0,1,0,2,0.3333333333333333,3,4,-1,1.0,-0.3333333333333333
Bosnia and Herzegovina,1,3,3.0,1,0,2,0.3333333333333333,4,4,0,1.3333333333333333,0.0
China PR,1,3,3.0,0,0,3,0.0,0,9,-9,0.0,-3.0
Angola,1,3,3.0,0,2,1,0.0,1,2,-1,0.3333333333333333,-0.3333333333333333
Cuba,1,3,3.0,1,1,1,0.3333333333333333,5,12,-7,1.6666666666666667,-2.3333333333333335
FR Yugoslavia,1,4,4.0,2,1,1,0.5,5,4,1,1.25,0.25
Dutch East Indies,1,1,1.0,0,0,1,0.0,0,6,-6,0.0,-6.0
Panama,1,3,3.0,0,0,3,0.0,2,11,-9,0.6666666666666666,-3.0
Israel,1,3,3.0,0,2,1,0.0,1,3,-2,0.3333333333333333,-0.6666666666666666
Iraq,1,3,3.0,0,0,3,0.0,1,4,-3,0.3333333333333333,-1.0
Kuwait,1,3,3.0,0,1,2,0.0,2,6,-4,0.6666666666666666,-1.3333333333333333
Jamaica,1,3,3.0,1,0,2,0.3333333333333333,3,9,-6,1.0,-2.0
Germany DR,1,6,6.0,2,2,2,0.3333333333333333,5,5,0,0.8333333333333334,0.0
Haiti,1,3,3.0,0,0,3,0.0,2,14,-12,0.6666666666666666,-4.0
Iceland,1,3,3.0,0,1,2,0.0,2,5,-3,0.6666666666666666,-1.0
Serbia and Montenegro,1,3,3.0,0,0,3,0.0,2,10,-8,0.6666666666666666,-2.6666666666666665
Slovakia,1,4,4.0,1,1,2,0.25,5,7,-2,1.25,-0.5
Qatar,1,3,3.0,0,0,3,0.0,1,7,-6,0.3333333333333333,-2.0
Trinidad and Tobago,1,3,3.0,0,1,2,0.0,0,4,-4,0.0,-1.3333333333333333
Togo,1,3,3.0,0,0,3,0.0,1,6,-5,0.3333333333333333,-1.6666666666666667
United Arab Emirates,1,3,3.0,0,0,3,0.0,2,11,-9,0.6666666666666666,-3.0
Ukraine,1,5,5.0,2,1,2,0.4,5,7,-2,1.0,-0.4
Zaire,1,3,3.0,0,0,3,0.0,0,14,-14,0.0,-4.666666666666667
